dataset,earliness_factor,entropy_factor,accuracy,earliness
Lightning7,0.7,0.1,0.22857142857142856,0.0
OliveOil,0.6,0.1,0.26666666666666666,0.0
Lightning2,0.6,0.1,0.7833333333333333,0.27437105774879456
Lightning2,0.9,0.01,0.9,0.7426100373268127
Beef,0.7,0.0,0.8333333333333334,1.0
Trace,0.9,0.0,1.0,1.0
TwoLeadECG,0.9,0.0,1.0,1.0
MedicalImages,0.9,0.01,0.8792650918635171,0.6016926765441895
TwoPatterns,0.9,0.01,0.986,1.0
Coffee,0.6,0.01,0.5,0.0
Symbols,0.7,0.0,0.72,0.29793447256088257
SonyAIBORobotSurface2,0.9,0.01,1.0,0.39004629850387573
FacesUCR,0.6,0.0,0.98,0.363730788230896
MedicalImages,0.7,0.0,0.5249343832020997,0.0
SyntheticControl,0.7,0.0,0.96,0.2855367064476013
ItalyPowerDemand,0.8,0.0,0.9402985074626866,1.0
Symbols,0.6,0.0,0.68,0.2159193754196167
CBF,0.8,0.1,0.9666666666666667,0.367716521024704
Coffee,0.6,0.1,0.5,0.0
UWaveGestureLibraryY,0.7,0.0,0.6774553571428571,0.46291372179985046
InlineSkate,0.7,0.1,0.29,0.3059011399745941
StarLightCurves,0.7,0.01,0.912,0.15983380377292633
Lightning2,0.6,0.0,0.6666666666666666,0.0
GunPoint,0.6,0.01,0.56,0.015436241403222084
WordSynonyms,0.7,0.01,0.30711610486891383,0.16109046339988708
OliveOil,0.8,0.01,0.43333333333333335,0.0
NonInvasiveFatalECGThorax1,0.8,0.01,0.8133333333333334,0.3097262978553772
WordSynonyms,0.6,0.0,0.2247191011235955,0.0
Lightning2,0.9,0.0,1.0,0.9999999403953552
Adiac,0.7,0.01,0.4307692307692308,0.2857728898525238
Lightning7,0.8,0.01,0.18571428571428572,0.0
ECG200,0.7,0.0,0.95,0.20568419992923737
MedicalImages,0.8,0.01,0.889763779527559,0.4672718942165375
SwedishLeaf,0.6,0.01,0.814,0.35592126846313477
Coffee,0.8,0.0,0.5,0.0
FaceAll,0.9,0.1,0.9607142857142857,0.5603159070014954
CBF,0.9,0.0,1.0,1.0
OliveOil,0.6,0.01,0.43333333333333335,0.0
SonyAIBORobotSurface2,0.8,0.1,1.0,0.36226850748062134
FiftyWords,0.9,0.01,0.11555555555555555,0.0
UWaveGestureLibraryX,0.6,0.0,0.13169642857142858,0.0
Mallat,0.8,0.0,1.0,1.0
SyntheticControl,0.9,0.0,1.0,1.0
SonyAIBORobotSurface2,0.7,0.0,0.9629629629629629,0.21064814925193787
Yoga,0.7,0.0,0.5366666666666666,9.411764767719433e-05
Lightning7,0.9,0.01,0.8,0.9999998807907104
Fish,0.6,0.0,0.8228571428571428,0.42058131098747253
CricketX,0.9,0.01,0.9743589743589743,1.0
Adiac,0.8,0.01,0.44871794871794873,0.3809816837310791
CBF,0.9,0.01,1.0,1.0
NonInvasiveFatalECGThorax2,0.7,0.0,0.8272222222222222,0.14212283492088318
CBF,0.7,0.0,0.9,0.37795278429985046
FiftyWords,0.8,0.0,0.03111111111111111,0.0
FiftyWords,0.8,0.01,0.11555555555555555,0.0
OSULeaf,0.9,0.01,0.96,1.0
Coffee,0.8,0.0,0.5,0.0
CricketX,0.9,0.1,0.9358974358974359,0.623128354549408
Lightning2,0.8,0.01,0.9,0.56889408826828
SwedishLeaf,0.9,0.0,0.91,1.0
TwoLeadECG,0.9,0.01,1.0,0.6961889863014221
CinCECGTorso,0.6,0.01,0.775,0.42873936891555786
UWaveGestureLibraryZ,0.6,0.01,0.671875,0.40055233240127563
CricketX,0.7,0.01,0.9435897435897436,0.46827033162117004
Beef,0.8,0.0,0.7333333333333333,1.0
CricketZ,0.6,0.0,0.9205128205128205,0.512254536151886
SonyAIBORobotSurface1,0.9,0.01,1.0,0.38405799865722656
SwedishLeaf,0.7,0.1,0.784,0.5046771764755249
SwedishLeaf,0.7,0.0,0.89,0.39886611700057983
ECG200,0.6,0.0,0.69,0.0
UWaveGestureLibraryX,0.7,0.0,0.8582589285714286,1.0
SyntheticControl,0.7,0.1,0.94,0.4474576413631439
FaceFour,0.9,0.0,1.0,1.0
Adiac,0.9,0.0,0.4564102564102564,1.0
GunPoint,0.9,0.0,0.98,1.0
OliveOil,0.7,0.0,0.26666666666666666,0.0
InlineSkate,0.8,0.0,0.18,0.0
FacesUCR,0.9,0.01,0.995,1.0
Lightning7,0.8,0.1,0.2,0.0
SwedishLeaf,0.9,0.1,0.856,0.6009448766708374
ItalyPowerDemand,0.9,0.01,0.9701492537313433,1.0
MedicalImages,0.8,0.0,0.847769028871391,0.4360704720020294
Lightning2,0.9,0.1,0.85,0.4387054443359375
ItalyPowerDemand,0.6,0.0,0.6268656716417911,0.09279688447713852
SonyAIBORobotSurface1,0.9,0.01,1.0,0.3869565427303314
WordSynonyms,0.7,0.0,0.2209737827715356,0.0
OSULeaf,0.7,0.1,0.93,0.5243544578552246
Trace,0.7,0.01,0.74,0.21357664465904236
CinCECGTorso,0.7,0.1,0.625,0.39413920044898987
TwoPatterns,0.8,0.0,1.0,1.0
ItalyPowerDemand,0.6,0.1,0.7014925373134329,0.4990265667438507
Adiac,0.8,0.0,0.4025641025641026,0.33268865942955017
Lightning7,0.7,0.01,0.24285714285714285,0.0
NonInvasiveFatalECGThorax2,0.9,0.0,0.8611111111111112,1.0
Haptics,0.6,0.01,0.6580645161290323,0.2603234648704529
MedicalImages,0.8,0.1,0.7952755905511811,0.4780919849872589
StarLightCurves,0.6,0.0,0.884,0.07814466953277588
SwedishLeaf,0.8,0.1,0.836,0.5423307418823242
DiatomSizeReduction,0.9,0.1,1.0,0.5972020030021667
Trace,0.6,0.0,0.72,0.1690146028995514
UWaveGestureLibraryY,0.9,0.01,0.7433035714285714,1.0
TwoPatterns,0.6,0.0,0.999,1.0
OSULeaf,0.7,0.01,0.95,0.4582863748073578
FacesUCR,0.7,0.0,0.995,1.0
UWaveGestureLibraryX,0.9,0.01,0.8515625,1.0
SonyAIBORobotSurface1,0.8,0.01,0.95,0.18550725281238556
FaceAll,0.7,0.0,0.9410714285714286,0.3511950671672821
SyntheticControl,0.8,0.01,0.9966666666666667,1.0
ChlorineConcentration,0.6,0.01,0.5610278372591007,0.0210239440202713
ECGFiveDays,0.9,0.01,1.0,0.527858316898346
SonyAIBORobotSurface2,0.6,0.01,1.0,0.2378472238779068
Haptics,0.8,0.0,0.7612903225806451,0.4174743592739105
Mallat,0.6,0.0,0.8909090909090909,0.321158766746521
Coffee,0.7,0.0,0.5,0.0
Wafer,0.8,0.0,0.903,5.960264752502553e-05
SwedishLeaf,0.7,0.01,0.886,0.44377949833869934
FacesUCR,0.8,0.0,0.995,1.0
Haptics,0.9,0.01,0.7806451612903226,0.6292777061462402
SwedishLeaf,0.6,0.1,0.816,0.445811003446579
FiftyWords,0.9,0.0,0.7711111111111111,1.0
CricketZ,0.7,0.0,0.9692307692307692,1.0
WordSynonyms,0.8,0.0,0.7715355805243446,1.0
ItalyPowerDemand,0.6,0.1,0.8507462686567164,0.5412070155143738
CinCECGTorso,0.6,0.0,0.7,0.3047161400318146
ItalyPowerDemand,0.6,0.0,0.5373134328358209,0.009085009805858135
FaceAll,0.7,0.01,0.9446428571428571,0.3720741868019104
FaceFour,0.7,0.0,1.0,1.0
OliveOil,0.9,0.0,0.26666666666666666,0.0
OSULeaf,0.8,0.01,0.965,1.0
CricketZ,0.6,0.0,0.9256410256410257,0.42986881732940674
Lightning2,0.7,0.0,0.6666666666666666,0.0
MoteStrain,0.7,0.1,0.45,0.0
OSULeaf,0.8,0.1,0.95,0.5705986022949219
CricketX,0.8,0.01,0.958974358974359,0.5819054841995239
UWaveGestureLibraryX,0.6,0.1,0.7087053571428571,0.49839338660240173
Beef,0.9,0.01,0.7333333333333333,0.42786070704460144
Coffee,0.7,0.0,0.5357142857142857,0.0
CinCECGTorso,0.9,0.1,0.85,0.5879120826721191
TwoPatterns,0.7,0.1,0.906,0.5955039858818054
Haptics,0.8,0.1,0.7032258064516129,0.49484050273895264
ECG200,0.6,0.1,0.86,0.30505263805389404
NonInvasiveFatalECGThorax2,0.8,0.01,0.8433333333333334,0.26070016622543335
CinCECGTorso,0.9,0.0,1.0,1.0
UWaveGestureLibraryY,0.6,0.0,0.13616071428571427,0.0
Trace,0.9,0.1,0.78,0.5711678862571716
DiatomSizeReduction,0.7,0.1,0.9375,0.4142441749572754
Yoga,0.7,0.01,0.77,0.298721581697464
Yoga,0.8,0.0,0.7766666666666666,0.3393176198005676
GunPoint,0.7,0.1,0.86,0.4761074185371399
CricketX,0.6,0.0,0.9487179487179487,0.43648916482925415
ChlorineConcentration,0.9,0.1,0.5781584582441114,0.4206216335296631
SyntheticControl,0.9,0.01,0.9933333333333333,1.0
TwoLeadECG,0.8,0.1,0.9130434782608695,0.46269461512565613
GunPoint,0.9,0.0,1.0,1.0
Coffee,0.6,0.0,0.5,0.0
Mallat,0.6,0.0,0.9636363636363636,0.3306674063205719
FaceAll,0.6,0.1,0.9303571428571429,0.43046706914901733
UWaveGestureLibraryZ,0.9,0.01,0.7857142857142857,1.0
ItalyPowerDemand,0.7,0.1,0.8805970149253731,0.4990266263484955
CricketY,0.9,0.0,0.9179487179487179,1.0
ECG200,0.6,0.0,0.69,0.0001052631632774137
SyntheticControl,0.6,0.0,0.9133333333333333,0.22180791199207306
FacesUCR,0.8,0.01,1.0,1.0
FacesUCR,0.7,0.0,1.0,1.0
TwoPatterns,0.8,0.1,0.923,0.6352676749229431
ChlorineConcentration,0.7,0.0,0.5610278372591007,2.595548539829906e-05
GunPoint,0.8,0.01,0.96,0.48201340436935425
Wafer,0.8,0.1,0.985,0.3840993642807007
ECG200,0.6,0.01,0.69,0.016842106357216835
CricketX,0.8,0.0,0.9717948717948718,1.0
Lightning7,0.8,0.0,0.7714285714285715,0.9999998807907104
CricketX,0.7,0.0,0.9564102564102565,1.0
NonInvasiveFatalECGThorax1,0.7,0.1,0.8083333333333333,0.3944103419780731
InlineSkate,0.8,0.1,0.33,0.32173842191696167
TwoPatterns,0.7,0.0,0.988,1.0
CBF,0.6,0.0,0.3333333333333333,0.0
Haptics,0.9,0.0,0.7354838709677419,1.0
StarLightCurves,0.9,0.1,0.93,0.4744037091732025
Wafer,0.9,0.01,0.993,0.29134437441825867
SonyAIBORobotSurface2,0.9,0.01,0.9629629629629629,0.4253472089767456
Fish,0.6,0.1,0.72,0.4564007520675659
MoteStrain,0.6,0.1,0.6,0.0
Haptics,0.8,0.01,0.7354838709677419,0.4114307463169098
NonInvasiveFatalECGThorax2,0.9,0.1,0.8311111111111111,0.5085477232933044
WordSynonyms,0.6,0.1,0.7865168539325843,1.0
TwoLeadECG,0.7,0.0,0.8695652173913043,0.4170692563056946
TwoLeadECG,0.7,0.01,0.9565217391304348,0.41545891761779785
CBF,0.9,0.1,1.0,0.3643045127391815
SonyAIBORobotSurface1,0.7,0.01,0.95,0.12681159377098083
ChlorineConcentration,0.6,0.01,0.5653104925053534,0.02635779418051243
Symbols,0.7,0.01,0.88,0.4087657034397125
UWaveGestureLibraryZ,0.6,0.0,0.6194196428571429,0.28337550163269043
CBF,0.6,0.01,1.0,0.25958001613616943
Lightning2,0.6,0.0,0.6666666666666666,0.0
MedicalImages,0.8,0.0,0.8608923884514436,0.4351063072681427
FacesUCR,0.8,0.0,1.0,1.0
MedicalImages,0.7,0.01,0.8162729658792651,0.344367653131485
SwedishLeaf,0.8,0.0,0.878,1.0
CinCECGTorso,0.8,0.01,0.875,0.6083486080169678
FaceFour,0.7,0.01,1.0,1.0
OliveOil,0.8,0.1,0.43333333333333335,0.0
MoteStrain,0.7,0.0,0.5,0.0
SonyAIBORobotSurface1,0.8,0.0,1.0,0.19130435585975647
SwedishLeaf,0.9,0.01,0.914,0.6470866203308105
UWaveGestureLibraryY,0.6,0.0,0.6071428571428571,0.3622753620147705
Trace,0.6,0.1,0.72,0.2744525671005249
WordSynonyms,0.6,0.0,0.2247191011235955,0.0
FacesUCR,0.6,0.1,0.945,0.41257691383361816
Symbols,0.9,0.1,0.92,0.5177834033966064
FaceFour,0.6,0.0,1.0,1.0
ChlorineConcentration,0.7,0.01,0.5653104925053534,0.04700538143515587
UWaveGestureLibraryZ,0.9,0.1,0.7700892857142857,0.6700764894485474
Fish,0.8,0.01,0.8685714285714285,0.6305751204490662
FaceFour,0.8,0.0,1.0,1.0
CricketY,0.8,0.01,0.8923076923076924,1.0
DiatomSizeReduction,0.8,0.01,1.0,0.3032339811325073
TwoLeadECG,0.7,0.01,0.8695652173913043,0.3692968487739563
NonInvasiveFatalECGThorax1,0.7,0.0,0.7972222222222223,0.17084409296512604
UWaveGestureLibraryX,0.6,0.0,0.6618303571428571,0.43285802006721497
DiatomSizeReduction,0.9,0.01,1.0,0.4738371968269348
FaceFour,0.7,0.1,1.0,0.4638252258300781
Lightning2,0.7,0.01,0.7666666666666667,0.08498426526784897
Wafer,0.9,0.0,0.997,0.27282118797302246
MedicalImages,0.9,0.0,0.8608923884514436,1.0
OSULeaf,0.8,0.0,0.995,1.0
WordSynonyms,0.9,0.01,0.6629213483146067,1.0
CricketY,0.7,0.0,0.958974358974359,1.0
ChlorineConcentration,0.8,0.0,0.5610278372591007,1.297774269914953e-05
CricketX,0.6,0.0,0.9,0.4188491404056549
Wafer,0.7,0.0,0.903,8.609271753812209e-05
ItalyPowerDemand,0.7,0.0,0.7761194029850746,0.4192083477973938
GunPoint,0.9,0.01,1.0,0.5484563708305359
Symbols,0.8,0.0,0.96,0.6467506289482117
TwoPatterns,0.6,0.1,0.851,0.5134251713752747
SyntheticControl,0.8,0.0,0.9966666666666667,1.0
ECGFiveDays,0.9,0.0,1.0,1.0
Wafer,0.6,0.0,0.903,2.649006637511775e-05
SonyAIBORobotSurface1,0.6,0.1,0.9,0.1304347813129425
SonyAIBORobotSurface2,0.8,0.0,1.0,0.29050925374031067
InlineSkate,0.9,0.1,0.32,0.2824136018753052
CricketX,0.7,0.1,0.8974358974358975,0.5577480792999268
UWaveGestureLibraryZ,0.7,0.1,0.6830357142857143,0.5332866907119751
DiatomSizeReduction,0.8,0.1,0.9375,0.39098837971687317
Haptics,0.9,0.1,0.7419354838709677,0.5110552310943604
Beef,0.9,0.0,0.8666666666666667,1.0
TwoPatterns,0.9,0.0,0.983,1.0
OSULeaf,0.6,0.0,0.91,0.4153873324394226
Haptics,0.6,0.1,0.6516129032258065,0.3365482985973358
CricketZ,0.8,0.0,0.9564102564102565,1.0
Adiac,0.8,0.01,0.4461538461538462,0.4060952067375183
Fish,0.7,0.1,0.7714285714285715,0.5100432634353638
SwedishLeaf,0.8,0.0,0.898,1.0
CricketZ,0.9,0.01,0.9923076923076923,1.0
GunPoint,0.7,0.0,0.86,0.44577181339263916
Fish,0.6,0.01,0.7828571428571428,0.4131107032299042
NonInvasiveFatalECGThorax2,0.6,0.0,0.8116666666666666,0.1318439543247223
TwoLeadECG,0.6,0.1,1.0,0.29307571053504944
UWaveGestureLibraryY,0.6,0.01,0.6339285714285714,0.385211706161499
ECGFiveDays,0.6,0.0,0.7391304347826086,0.028019322082400322
ECGFiveDays,0.7,0.01,0.782608695652174,0.15458936989307404
ItalyPowerDemand,0.7,0.01,0.5970149253731343,0.15055158734321594
ECGFiveDays,0.7,0.0,0.782608695652174,0.11529792100191116
Adiac,0.6,0.0,0.023076923076923078,0.0
OliveOil,0.8,0.0,0.43333333333333335,0.0
ChlorineConcentration,0.7,0.1,0.5802997858672377,0.2957887053489685
UWaveGestureLibraryZ,0.7,0.0,0.7410714285714286,0.49728092551231384
FaceFour,0.7,0.0,1.0,1.0
FaceFour,0.6,0.01,1.0,0.24414996802806854
Yoga,0.6,0.01,0.7466666666666667,0.2082117646932602
MoteStrain,0.8,0.0,0.5,0.0
FaceFour,0.9,0.01,1.0,1.0
WordSynonyms,0.7,0.0,0.2247191011235955,0.0
ChlorineConcentration,0.6,0.0,0.5610278372591007,0.0
UWaveGestureLibraryY,0.8,0.0,0.7566964285714286,1.0
Yoga,0.8,0.01,0.78,0.3714509606361389
FaceAll,0.7,0.0,0.9607142857142857,0.3443681299686432
NonInvasiveFatalECGThorax1,0.7,0.01,0.8111111111111111,0.19707833230495453
SonyAIBORobotSurface2,0.7,0.01,1.0,0.23206017911434174
SyntheticControl,0.6,0.01,0.86,0.21757061779499054
Symbols,0.6,0.01,0.92,0.22952140867710114
MoteStrain,0.7,0.0,0.5,0.0
TwoPatterns,0.7,0.01,0.986,1.0
CricketY,0.9,0.0,0.9615384615384616,1.0
FiftyWords,0.6,0.1,0.11333333333333333,0.0
CricketY,0.8,0.0,0.9564102564102565,1.0
SyntheticControl,0.7,0.0,0.9666666666666667,0.2607344686985016
WordSynonyms,0.6,0.1,0.2247191011235955,0.0
FiftyWords,0.6,0.0,0.03111111111111111,0.0
Symbols,0.7,0.0,0.84,0.32937026023864746
NonInvasiveFatalECGThorax1,0.8,0.0,0.835,0.3304116725921631
Coffee,0.6,0.0,0.5,0.0
TwoLeadECG,0.7,0.0,0.8260869565217391,0.3333333134651184
SonyAIBORobotSurface1,0.7,0.0,0.95,0.14710143208503723
MoteStrain,0.6,0.01,0.5,0.0
FaceFour,0.9,0.0,1.0,1.0
CBF,0.8,0.01,1.0,1.0
ECG200,0.9,0.0,0.98,0.40336841344833374
CinCECGTorso,0.6,0.1,0.8,0.4564255177974701
SonyAIBORobotSurface2,0.8,0.01,0.9629629629629629,0.25752314925193787
NonInvasiveFatalECGThorax2,0.6,0.1,0.8066666666666666,0.3125508427619934
Coffee,0.9,0.1,0.5,0.0
Symbols,0.7,0.1,1.0,0.3984886407852173
NonInvasiveFatalECGThorax1,0.9,0.01,0.8294444444444444,0.422620564699173
ItalyPowerDemand,0.7,0.0,0.6567164179104478,0.13238157331943512
Haptics,0.6,0.0,0.2,5.913485438213684e-06
FacesUCR,0.7,0.01,0.97,0.34815382957458496
Coffee,0.9,0.0,0.5,0.0
ECG200,0.7,0.01,0.69,0.0
Adiac,0.9,0.01,0.4846153846153846,1.0
ItalyPowerDemand,0.9,0.1,0.8507462686567164,0.5892277359962463
InlineSkate,0.7,0.01,0.19,0.11484317481517792
Coffee,0.6,0.1,0.5,0.0
SonyAIBORobotSurface1,0.9,0.1,1.0,0.36159420013427734
Yoga,0.8,0.1,0.75,0.4350980520248413
ChlorineConcentration,0.9,0.0,0.5610278372591007,0.0
CinCECGTorso,0.7,0.0,0.95,0.542963981628418
UWaveGestureLibraryY,0.7,0.0,0.7142857142857143,0.49728092551231384
Mallat,0.9,0.1,0.9636363636363636,0.5439617037773132
WordSynonyms,0.8,0.1,0.2247191011235955,0.0
WordSynonyms,0.6,0.01,0.2247191011235955,0.0
DiatomSizeReduction,0.6,0.01,0.875,0.20548690855503082
CricketY,0.6,0.01,0.9205128205128205,0.44903525710105896
MoteStrain,0.8,0.1,1.0,0.9999998807907104
ItalyPowerDemand,0.9,0.0,0.9253731343283582,1.0
TwoLeadECG,0.6,0.0,0.6956521739130435,0.16908212006092072
SyntheticControl,0.8,0.1,0.9666666666666667,0.4974011182785034
Trace,0.6,0.0,0.71,0.05310218408703804
CricketY,0.8,0.01,0.9384615384615385,1.0
SonyAIBORobotSurface1,0.6,0.0,0.85,0.08405797183513641
ECGFiveDays,0.8,0.1,0.9130434782608695,0.43574872612953186
NonInvasiveFatalECGThorax2,0.9,0.01,0.8611111111111112,0.3888607323169708
UWaveGestureLibraryZ,0.6,0.0,0.6696428571428571,0.38053417205810547
ChlorineConcentration,0.8,0.1,0.5781584582441114,0.3562390208244324
FiftyWords,0.7,0.0,0.7066666666666667,1.0
OliveOil,0.6,0.0,0.4,0.0
ChlorineConcentration,0.7,0.0,0.5610278372591007,3.893322718795389e-05
ItalyPowerDemand,0.8,0.0,0.9552238805970149,1.0
UWaveGestureLibraryX,0.8,0.1,0.7890625,0.6406427621841431
Fish,0.9,0.0,0.8971428571428571,1.0
Beef,0.6,0.1,0.8666666666666667,1.0
Coffee,0.8,0.01,0.5357142857142857,0.0
OliveOil,0.7,0.1,0.43333333333333335,0.0
UWaveGestureLibraryX,0.8,0.01,0.8482142857142857,1.0
Beef,0.7,0.0,0.2,0.0
SyntheticControl,0.9,0.1,0.9833333333333333,0.558474600315094
SonyAIBORobotSurface2,0.9,0.0,1.0,0.32233795523643494
Fish,0.8,0.0,0.8914285714285715,1.0
Beef,0.9,0.1,0.9666666666666667,0.6039801836013794
FacesUCR,0.7,0.1,0.975,0.47888460755348206
FaceFour,0.8,0.01,1.0,1.0
Yoga,0.6,0.0,0.5433333333333333,0.00013333333481568843
Trace,0.8,0.01,0.78,0.22131386399269104
ECGFiveDays,0.7,0.0,0.8260869565217391,0.13880836963653564
StarLightCurves,0.9,0.01,0.935,0.3492434024810791
ECGFiveDays,0.8,0.0,0.8695652173913043,0.42673102021217346
CricketZ,0.6,0.1,0.8794871794871795,0.5072121024131775
ECG200,0.8,0.0,0.91,0.45947372913360596
Lightning2,0.6,0.01,0.75,0.10484800487756729
FaceAll,0.8,0.1,0.9464285714285714,0.5075686573982239
Fish,0.8,0.1,0.8,0.5620778799057007
OSULeaf,0.6,0.01,0.94,0.38394367694854736
MoteStrain,0.7,0.01,0.55,0.0
NonInvasiveFatalECGThorax1,0.6,0.1,0.8005555555555556,0.3329409658908844
MedicalImages,0.8,0.01,0.8556430446194225,0.4706733226776123
WordSynonyms,0.9,0.1,0.2209737827715356,0.0
ChlorineConcentration,0.6,0.1,0.5674518201284796,0.22447599470615387
NonInvasiveFatalECGThorax1,0.6,0.01,0.7694444444444445,0.1616065949201584
UWaveGestureLibraryY,0.6,0.1,0.5691964285714286,0.4385840892791748
InlineSkate,0.8,0.01,0.27,0.10058480501174927
Fish,0.9,0.1,0.8228571428571428,0.5868645310401917
WordSynonyms,0.7,0.1,0.8089887640449438,1.0
ChlorineConcentration,0.6,0.0,0.5610278372591007,0.0
SwedishLeaf,0.6,0.0,0.808,0.2902992069721222
Fish,0.9,0.01,0.8628571428571429,0.6310822367668152
FacesUCR,0.9,0.0,0.995,1.0
SonyAIBORobotSurface1,0.6,0.0,0.75,0.06666666269302368
NonInvasiveFatalECGThorax1,0.6,0.0,0.7866666666666666,0.15074394643306732
SonyAIBORobotSurface1,0.7,0.1,1.0,0.16739128530025482
GunPoint,0.6,0.0,0.96,0.3965100944042206
DiatomSizeReduction,0.7,0.0,0.9375,0.28597384691238403
Adiac,0.8,0.1,0.39487179487179486,0.4802783727645874
ItalyPowerDemand,0.8,0.1,0.8059701492537313,0.5100584626197815
ECG200,0.8,0.01,0.93,0.3955789804458618
UWaveGestureLibraryY,0.9,0.1,0.7098214285714286,0.658069908618927
TwoPatterns,0.9,0.1,0.949,0.6852676868438721
CricketZ,0.8,0.01,0.9102564102564102,1.0
DiatomSizeReduction,0.8,0.0,1.0,0.2848837077617645
ECG200,0.7,0.1,0.87,0.4000000059604645
CBF,0.6,0.1,0.9333333333333333,0.4346456825733185
FaceFour,0.8,0.1,0.9583333333333334,0.43254539370536804
Adiac,0.8,0.0,0.441025641025641,0.28804394602775574
Symbols,0.8,0.1,0.96,0.48372796177864075
Fish,0.8,0.01,0.88,0.6228448152542114
Lightning7,0.9,0.0,0.7857142857142857,0.9999998807907104
TwoPatterns,0.8,0.01,0.988,1.0
CricketY,0.7,0.01,0.9307692307692308,0.48613327741622925
UWaveGestureLibraryX,0.6,0.01,0.7633928571428571,0.4536404013633728
SyntheticControl,0.8,0.0,1.0,1.0
WordSynonyms,0.6,0.01,0.21722846441947566,0.0
GunPoint,0.7,0.01,0.96,0.4190604090690613
Mallat,0.9,0.01,0.9636363636363636,0.4462810158729553
UWaveGestureLibraryZ,0.8,0.0,0.7678571428571429,1.0
TwoPatterns,0.6,0.0,0.977,1.0
ECG200,0.7,0.0,0.69,0.0
Wafer,0.8,0.01,0.987,0.18070200085639954
Beef,0.7,0.01,0.9666666666666667,1.0
GunPoint,0.8,0.1,0.92,0.5868456363677979
UWaveGestureLibraryX,0.8,0.0,0.84375,1.0
OliveOil,0.9,0.0,0.43333333333333335,0.0
Yoga,0.9,0.1,0.81,0.5230118036270142
SonyAIBORobotSurface2,0.6,0.1,1.0,0.49594905972480774
SonyAIBORobotSurface2,0.6,0.0,0.9259259259259259,0.24074074625968933
Adiac,0.6,0.01,0.37435897435897436,0.24515751004219055
Wafer,0.9,0.1,0.983,0.470132440328598
StarLightCurves,0.8,0.01,0.912,0.26010555028915405
Coffee,0.7,0.1,0.5,0.0
FaceAll,0.9,0.0,0.9857142857142858,1.0
SonyAIBORobotSurface2,0.7,0.1,0.9629629629629629,0.4791666567325592
UWaveGestureLibraryY,0.9,0.0,0.7622767857142857,1.0
OSULeaf,0.7,0.0,0.96,1.0
Yoga,0.9,0.0,0.8333333333333334,0.4620862305164337
CricketY,0.8,0.1,0.9384615384615385,0.6118600368499756
ECG200,0.6,0.01,0.91,0.20547367632389069
Yoga,0.7,0.1,0.7966666666666666,0.40339604020118713
CricketZ,0.8,0.1,0.941025641025641,0.6020323634147644
CBF,0.6,0.0,0.4,0.0
Haptics,0.7,0.1,0.7096774193548387,0.4064575135707855
FacesUCR,0.9,0.1,0.985,0.5931922793388367
MedicalImages,0.6,0.0,0.5328083989501312,0.0
UWaveGestureLibraryX,0.7,0.01,0.7779017857142857,0.5013719797134399
Lightning7,0.9,0.1,0.2571428571428571,0.0
CBF,0.9,0.01,0.9666666666666667,1.0
Beef,0.8,0.0,0.8,1.0
Lightning7,0.7,0.01,0.2714285714285714,0.0
Lightning2,0.7,0.0,0.6666666666666666,0.0
FaceFour,0.6,0.0,1.0,1.0
ECGFiveDays,0.6,0.1,0.8260869565217391,0.1542673259973526
Lightning7,0.9,0.0,0.6428571428571429,0.9999998807907104
CricketZ,0.7,0.1,0.9025641025641026,0.5516250133514404
Trace,0.9,0.0,1.0,1.0
OliveOil,0.9,0.01,0.43333333333333335,0.0
ECGFiveDays,0.6,0.0,0.7391304347826086,0.06763283908367157
SwedishLeaf,0.6,0.0,0.774,0.328000009059906
CinCECGTorso,0.6,0.0,0.6,0.0833485946059227
SwedishLeaf,0.8,0.01,0.87,0.5132598280906677
OliveOil,0.7,0.01,0.43333333333333335,0.0
CricketY,0.6,0.01,0.8974358974358975,0.43931907415390015
SyntheticControl,0.7,0.01,0.9266666666666666,0.2683615982532501
FacesUCR,0.6,0.0,0.96,0.29161539673805237
TwoLeadECG,0.7,0.1,0.9565217391304348,0.4240472614765167
Beef,0.7,0.01,0.7333333333333333,0.3079602122306824
Wafer,0.7,0.0,0.903,4.6357617975445464e-05
Lightning2,0.7,0.1,0.8166666666666667,0.37416142225265503
CricketY,0.6,0.1,0.8641025641025641,0.49931395053863525
Lightning7,0.6,0.1,0.2714285714285714,0.0
CBF,0.7,0.01,1.0,0.2540682256221771
Mallat,0.8,0.1,0.8363636363636363,0.4613169729709625
FiftyWords,0.6,0.0,0.051111111111111114,0.0
GunPoint,0.6,0.1,0.88,0.4053691625595093
UWaveGestureLibraryY,0.7,0.1,0.6595982142857143,0.5318009257316589
MedicalImages,0.6,0.0,0.5301837270341208,0.0
CricketX,0.7,0.01,0.9153846153846154,0.5056598782539368
Wafer,0.7,0.01,0.968,0.14152981340885162
TwoLeadECG,0.9,0.0,1.0,1.0
Trace,0.7,0.0,0.77,0.22875910997390747
CinCECGTorso,0.8,0.0,1.0,1.0
FiftyWords,0.9,0.1,0.1111111111111111,0.0
ECG200,0.6,0.1,0.92,0.2904210686683655
ECG200,0.8,0.0,0.97,0.2791579067707062
ECGFiveDays,0.8,0.0,0.9130434782608695,0.43800321221351624
InlineSkate,0.6,0.1,0.3,0.25450822710990906
ECG200,0.9,0.1,0.92,0.5704210996627808
Yoga,0.6,0.0,0.54,0.00010196078073931858
MoteStrain,0.6,0.0,0.5,0.0
CBF,0.8,0.01,1.0,1.0
UWaveGestureLibraryY,0.7,0.01,0.6629464285714286,0.5048801302909851
OSULeaf,0.7,0.0,0.98,0.40694838762283325
OliveOil,0.7,0.0,0.43333333333333335,0.0
FiftyWords,0.7,0.1,0.04888888888888889,0.0
FiftyWords,0.6,0.01,0.06888888888888889,0.0
FaceFour,0.9,0.01,1.0,1.0
Mallat,0.8,0.0,1.0,1.0
SonyAIBORobotSurface2,0.7,0.0,0.9259259259259259,0.203125
TwoPatterns,0.6,0.01,0.872,0.41045665740966797
Lightning2,0.8,0.0,0.9833333333333333,0.9999999403953552
MoteStrain,0.9,0.0,1.0,0.9999998807907104
DiatomSizeReduction,0.6,0.0,1.0,0.18513807654380798
WordSynonyms,0.9,0.0,0.7902621722846442,1.0
CricketZ,0.9,0.0,0.8948717948717949,1.0
Lightning2,0.9,0.0,1.0,0.9999999403953552
Beef,0.9,0.01,1.0,0.8164178729057312
SwedishLeaf,0.7,0.01,0.828,0.3930235803127289
DiatomSizeReduction,0.9,0.0,1.0,1.0
Lightning7,0.7,0.0,0.17142857142857143,0.0
Adiac,0.7,0.0,0.40512820512820513,0.242007315158844
Adiac,0.6,0.1,0.4358974358974359,0.3678974211215973
Haptics,0.7,0.0,0.6838709677419355,0.2925933301448822
Lightning7,0.7,0.0,0.2714285714285714,0.0
MedicalImages,0.9,0.0,0.8661417322834646,1.0
Adiac,0.6,0.1,0.41025641025641024,0.31487178802490234
ECG200,0.8,0.01,0.98,0.31042107939720154
Coffee,0.9,0.01,0.5,0.0
ECG200,0.9,0.01,0.94,0.7418946623802185
DiatomSizeReduction,0.6,0.0,0.6875,0.033793605864048004
CBF,0.7,0.0,0.3,0.0
Symbols,0.9,0.0,1.0,0.9999999403953552
Fish,0.7,0.0,0.8457142857142858,0.5573902130126953
CricketZ,0.6,0.01,0.9179487179487179,0.46517452597618103
StarLightCurves,0.8,0.0,0.943,0.22134798765182495
Beef,0.7,0.1,0.9666666666666667,0.4756218492984772
SonyAIBORobotSurface1,0.6,0.01,0.8,0.08043477684259415
ECGFiveDays,0.8,0.01,1.0,0.5223832130432129
FaceAll,0.8,0.01,0.9625,0.4145054817199707
UWaveGestureLibraryX,0.7,0.1,0.7566964285714286,0.5750433206558228
SonyAIBORobotSurface2,0.9,0.1,1.0,0.35011574625968933
SwedishLeaf,0.7,0.0,0.782,0.3928976356983185
CricketY,0.7,0.1,0.9,0.5718120336532593
NonInvasiveFatalECGThorax2,0.8,0.0,0.8066666666666666,0.15592940151691437
Symbols,0.8,0.01,0.88,0.39748111367225647
Haptics,0.7,0.01,0.6967741935483871,0.32279354333877563
ECGFiveDays,0.7,0.1,0.8695652173913043,0.29758453369140625
UWaveGestureLibraryZ,0.7,0.01,0.7020089285714286,0.5053848624229431
CricketX,0.7,0.0,0.9743589743589743,1.0
MoteStrain,0.9,0.01,1.0,0.9999998807907104
FiftyWords,0.8,0.1,0.11555555555555555,0.0
Coffee,0.7,0.01,0.5,0.0
FaceFour,0.6,0.1,1.0,0.36771729588508606
FacesUCR,0.6,0.01,0.985,0.38157692551612854
WordSynonyms,0.9,0.01,0.7340823970037453,1.0
FaceAll,0.9,0.01,0.9785714285714285,0.5081044435501099
CBF,0.7,0.1,0.9333333333333333,0.30551183223724365
Mallat,0.6,0.01,0.9090909090909091,0.3164845108985901
InlineSkate,0.6,0.0,0.18,0.0
ItalyPowerDemand,0.6,0.01,0.6417910447761194,0.09409473836421967
Fish,0.7,0.0,0.8685714285714285,0.5180210471153259
Yoga,0.9,0.01,0.8133333333333334,0.5131765007972717
Fish,0.9,0.01,0.9371428571428572,0.6627334356307983
FaceAll,0.6,0.0,0.9464285714285714,0.29326924681663513
UWaveGestureLibraryY,0.8,0.1,0.6640625,0.5906221270561218
Wafer,0.6,0.0,0.903,7.28476807125844e-05
TwoLeadECG,0.9,0.1,0.9565217391304348,0.5582394599914551
UWaveGestureLibraryX,0.9,0.1,0.8091517857142857,0.7031427621841431
TwoLeadECG,0.6,0.0,0.8260869565217391,0.3048846125602722
FaceAll,0.6,0.0,0.9321428571428572,0.29696428775787354
OSULeaf,0.9,0.1,0.94,0.5911502242088318
Wafer,0.7,0.1,0.978,0.3274635672569275
Fish,0.7,0.01,0.8057142857142857,0.5379467606544495
SonyAIBORobotSurface2,0.8,0.0,0.9629629629629629,0.2048611044883728
MoteStrain,0.6,0.01,0.5,0.0
SonyAIBORobotSurface1,0.7,0.0,1.0,0.11159420013427734
MedicalImages,0.9,0.1,0.863517060367454,0.572071373462677
SyntheticControl,0.6,0.1,0.9066666666666666,0.36389830708503723
OSULeaf,0.6,0.1,0.9,0.48571595549583435
MoteStrain,0.9,0.1,0.45,0.0
MoteStrain,0.6,0.1,0.45,0.0
TwoLeadECG,0.6,0.01,0.9130434782608695,0.22651639580726624
CricketY,0.9,0.01,0.9333333333333333,1.0
ECG200,0.9,0.0,0.95,1.0
Yoga,0.7,0.0,0.5433333333333333,0.0002117646945407614
StarLightCurves,0.7,0.0,0.914,0.13964025676250458
Fish,0.6,0.0,0.7657142857142857,0.41708099842071533
MedicalImages,0.6,0.01,0.7427821522309711,0.20633134245872498
SonyAIBORobotSurface2,0.9,0.0,1.0,0.35474535822868347
WordSynonyms,0.8,0.01,0.7940074906367042,1.0
CricketZ,0.8,0.01,0.9769230769230769,1.0
ECGFiveDays,0.9,0.1,1.0,0.6363929510116577
OSULeaf,0.9,0.0,0.98,1.0
Symbols,0.8,0.0,0.84,0.4076574444770813
Symbols,0.9,0.01,1.0,0.6514860391616821
SonyAIBORobotSurface2,0.6,0.0,1.0,0.2291666716337204
Wafer,0.6,0.01,0.903,0.024145694449543953
CricketX,0.8,0.1,0.9153846153846154,0.5971614718437195
ChlorineConcentration,0.8,0.0,0.5610278372591007,3.893322718795389e-05
ChlorineConcentration,0.9,0.01,0.5781584582441114,0.1753292977809906
UWaveGestureLibraryY,0.8,0.01,0.7198660714285714,0.6371346712112427
InlineSkate,0.7,0.0,0.18,5.3163212214712985e-06
Symbols,0.9,0.0,1.0,0.9999999403953552
Adiac,0.9,0.1,0.48717948717948717,0.5459780097007751
CricketX,0.6,0.1,0.9025641025641026,0.5017408132553101
NonInvasiveFatalECGThorax2,0.8,0.1,0.8394444444444444,0.42952385544776917
SonyAIBORobotSurface1,0.8,0.1,1.0,0.23768118023872375
CBF,0.6,0.1,0.9333333333333333,0.22992125153541565
Yoga,0.9,0.0,0.8066666666666666,0.4440078139305115
SwedishLeaf,0.6,0.01,0.836,0.3263779580593109
CricketY,0.9,0.1,0.9461538461538461,0.6611438989639282
UWaveGestureLibraryZ,0.8,0.01,0.7712053571428571,1.0
Symbols,0.6,0.0,0.68,0.14236776530742645
MoteStrain,0.8,0.0,0.45,0.0
FaceFour,0.6,0.01,0.9583333333333334,0.2648042142391205
CinCECGTorso,0.7,0.0,0.9,0.5018925666809082
Mallat,0.7,0.1,0.9636363636363636,0.4743090569972992
Adiac,0.6,0.0,0.038461538461538464,0.0
StarLightCurves,0.9,0.0,0.84,0.11182697862386703
TwoPatterns,0.8,0.0,0.982,1.0
Trace,0.6,0.01,0.7,0.19065691530704498
Mallat,0.6,0.1,0.9272727272727272,0.5047543048858643
NonInvasiveFatalECGThorax2,0.6,0.01,0.8011111111111111,0.13887850940227509
Adiac,0.7,0.01,0.31794871794871793,0.2619633674621582
MoteStrain,0.8,0.01,1.0,0.9999998807907104
Trace,0.8,0.0,0.75,0.20244528353214264
Beef,0.6,0.0,0.9,1.0
Mallat,0.9,0.0,0.9636363636363636,1.0
OSULeaf,0.6,0.0,0.91,0.3651995062828064
Trace,0.9,0.01,0.85,0.7248175144195557
DiatomSizeReduction,0.7,0.01,1.0,0.3333939015865326
OliveOil,0.6,0.01,0.43333333333333335,0.0
TwoLeadECG,0.8,0.0,1.0,1.0
UWaveGestureLibraryZ,0.9,0.0,0.7767857142857143,1.0
DiatomSizeReduction,0.7,0.01,1.0,0.34574854373931885
CBF,0.6,0.01,0.9666666666666667,0.23070862889289856
MoteStrain,0.6,0.0,0.5,0.0
Lightning7,0.6,0.01,0.21428571428571427,0.0
Coffee,0.8,0.1,0.4642857142857143,0.0
DiatomSizeReduction,0.9,0.01,1.0,0.7387354969978333
CinCECGTorso,0.8,0.1,0.75,0.460286945104599
FaceAll,0.8,0.0,0.9892857142857143,1.0
Trace,0.7,0.0,0.76,0.18069343268871307
FaceFour,0.9,0.1,1.0,0.3833571970462799
NonInvasiveFatalECGThorax1,0.9,0.0,0.8438888888888889,1.0
FaceAll,0.7,0.01,0.9660714285714286,0.3737912178039551
MoteStrain,0.7,0.01,0.5,0.0
WordSynonyms,0.8,0.01,0.2247191011235955,0.0
OliveOil,0.6,0.0,0.43333333333333335,0.0
DiatomSizeReduction,0.6,0.1,1.0,0.45094478130340576
ItalyPowerDemand,0.8,0.01,0.7910447761194029,0.45295262336730957
InlineSkate,0.9,0.01,0.28,0.39481121301651
Fish,0.6,0.01,0.8342857142857143,0.41980206966400146
Trace,0.8,0.1,0.75,0.43773728609085083
CricketZ,0.9,0.0,0.982051282051282,1.0
UWaveGestureLibraryX,0.9,0.0,0.8582589285714286,1.0
FaceAll,0.6,0.01,0.9160714285714285,0.29087913036346436
GunPoint,0.9,0.1,0.9,0.57744961977005
NonInvasiveFatalECGThorax2,0.7,0.1,0.8261111111111111,0.36024773120880127
CricketZ,0.7,0.01,0.9307692307692308,0.4967670142650604
GunPoint,0.6,0.0,0.96,0.423892617225647
ECGFiveDays,0.6,0.01,0.7391304347826086,0.0634460598230362
NonInvasiveFatalECGThorax1,0.8,0.1,0.8188888888888889,0.45735055208206177
UWaveGestureLibraryZ,0.8,0.1,0.7020089285714286,0.5840004682540894
Yoga,0.6,0.1,0.7433333333333333,0.3404470384120941
CricketX,0.6,0.01,0.9128205128205128,0.4216533899307251
FacesUCR,0.6,0.01,0.965,0.28796154260635376
Mallat,0.7,0.01,0.8727272727272727,0.31351640820503235
FaceAll,0.9,0.0,0.9785714285714285,1.0
Mallat,0.7,0.0,1.0,1.0
StarLightCurves,0.6,0.01,0.863,0.08814369142055511
Beef,0.8,0.01,0.8666666666666667,0.41485434770584106
TwoPatterns,0.7,0.0,1.0,1.0
SonyAIBORobotSurface1,0.8,0.0,1.0,0.15434782207012177
ChlorineConcentration,0.8,0.01,0.563169164882227,0.05102848634123802
FacesUCR,0.8,0.1,0.99,0.5238461494445801
CricketX,0.6,0.01,0.9256410256410257,0.4773261547088623
ECG200,0.8,0.1,0.9,0.4569474160671234
GunPoint,0.8,0.0,0.96,0.42187920212745667
SonyAIBORobotSurface1,0.9,0.0,0.95,0.3072463870048523
Wafer,0.6,0.1,0.972,0.2537218928337097
NonInvasiveFatalECGThorax1,0.9,0.1,0.825,0.5056824684143066
ChlorineConcentration,0.8,0.01,0.5674518201284796,0.08627602458000183
FiftyWords,0.7,0.01,0.08222222222222222,0.0
Beef,0.6,0.01,0.9,1.0
Wafer,0.6,0.01,0.912,0.03005298040807247
Lightning7,0.9,0.01,0.6571428571428571,0.9999998807907104
MedicalImages,0.9,0.01,0.8976377952755905,0.6041030883789062
FaceAll,0.7,0.1,0.9535714285714286,0.4572664499282837
CricketY,0.6,0.0,0.9076923076923077,0.4760655462741852
Trace,0.7,0.1,0.77,0.3557664155960083
Lightning7,0.6,0.0,0.21428571428571427,0.0
CricketZ,0.9,0.1,0.9564102564102565,0.6884143352508545
Adiac,0.7,0.1,0.40512820512820513,0.42121613025665283
CricketY,0.6,0.0,0.941025641025641,0.4588971734046936
UWaveGestureLibraryZ,0.7,0.0,0.7857142857142857,1.0
CinCECGTorso,0.9,0.01,0.925,0.6369963884353638
NonInvasiveFatalECGThorax2,0.7,0.01,0.8244444444444444,0.16993845999240875
CricketX,0.9,0.0,0.9794871794871794,1.0
Beef,0.6,0.0,0.2,0.0
CinCECGTorso,0.7,0.01,0.9,0.6508241891860962
Mallat,0.8,0.01,1.0,1.0
GunPoint,0.6,0.1,0.92,0.4232214689254761
InlineSkate,0.9,0.0,0.23,0.02246677689254284
SwedishLeaf,0.6,0.1,0.822,0.4472913146018982
SyntheticControl,0.7,0.01,0.9733333333333334,0.33531075716018677
Adiac,0.7,0.0,0.19487179487179487,0.10613919794559479
TwoLeadECG,0.8,0.01,0.9565217391304348,0.4557165801525116
CricketY,0.7,0.0,0.9307692307692308,0.535871684551239
Symbols,0.6,0.1,0.88,0.24221663177013397
MedicalImages,0.7,0.1,0.8110236220472441,0.45380038022994995
DiatomSizeReduction,0.7,0.0,1.0,0.28706395626068115
OliveOil,0.9,0.1,0.43333333333333335,0.0
Beef,0.8,0.1,1.0,1.0
OliveOil,0.8,0.0,0.43333333333333335,0.0
CBF,0.8,0.0,1.0,1.0
Lightning7,0.6,0.0,0.2714285714285714,0.0
Coffee,0.9,0.0,0.5,0.0
InlineSkate,0.6,0.01,0.29,0.09052631258964539
UWaveGestureLibraryZ,0.6,0.1,0.625,0.4574684500694275
SyntheticControl,0.6,0.0,0.9066666666666666,0.2216949164867401
GunPoint,0.7,0.0,0.92,0.39624157547950745
Lightning2,0.8,0.1,0.85,0.48194441199302673
MedicalImages,0.6,0.1,0.7795275590551181,0.3521881103515625
SwedishLeaf,0.9,0.01,0.884,0.6400787234306335
